Feature,Importance_DT,Importance_RF
isSystemUser,0.9567637579892857,0.45843554821377347
sus,0.0012551712869558968,0.25757289526557403
returnValueCat,0.0,0.15170011636564426
argsNum,0.00025153173322122905,0.052109346523236545
eventId,0.00027910545534932897,0.045587502375536194
isSystemParentProcess,0.04145043353518785,0.02137438639560759
isDefaultMountNamespace,0.0,0.013028097422536182
isSystemProcess,0.0,0.00019210743809171325
